<?xml version="1.0"?>
<!--<!DOCTYPE metadata SYSTEM "http://www.esri.com/metadata/esriprof80.dtd">-->
<metadata xml:lang="nl"><Esri><MetaID>{F5D2A645-A894-4DDD-B9BC-8F7B43AAC2EE}</MetaID><CreaDate>20081027</CreaDate><CreaTime>11144400</CreaTime><SyncOnce>TRUE</SyncOnce></Esri><idinfo><citation><citeinfo><onlink Sync="TRUE">\\fs\shared\datac\geo\marbound\versioning\1 - june 2008\ExtendedContShelfAustralia</onlink></citeinfo></citation></idinfo><distInfo><distributor><distorTran><onLineSrc><linkage Sync="TRUE">file://\\fs\shared\datac\geo\marbound\versioning\1 - june 2008\ExtendedContShelfAustralia</linkage><protocol Sync="TRUE">Local Area Network</protocol></onLineSrc></distorTran></distributor></distInfo><dataqual><lineage><procstep><procdesc Sync="TRUE">Dataset moved.</procdesc><srcused Sync="TRUE">S:\datac\Geo\marbound\Versioning\1 - june 2008\old\ExtendedContShelfAustralia</srcused><date Sync="TRUE">20081027</date><time Sync="TRUE">11144400</time></procstep><procstep><procdesc Sync="TRUE">Dataset moved.</procdesc><srcused Sync="TRUE">S:\datac\Geo\marbound\Versioning\1 - june 2008\ExtendedContShelfAustralia</srcused><date Sync="TRUE">20081027</date><time Sync="TRUE">14582900</time></procstep><procstep><procdesc Sync="TRUE">Dataset moved.</procdesc><srcused Sync="TRUE">S:\datac\Geo\marbound\Versioning\1 - june 2008\Aparte shapes van veranderingen\ExtendedContShelfAustralia</srcused><date Sync="TRUE">20081027</date><time Sync="TRUE">15203600</time></procstep></lineage></dataqual></metadata>
