<?xml version="1.0"?>
<!--<!DOCTYPE metadata SYSTEM "http://www.esri.com/metadata/esriprof80.dtd">-->
<metadata xml:lang="nl"><Esri><CreaDate>20081104</CreaDate><CreaTime>15584900</CreaTime><SyncOnce>TRUE</SyncOnce><MetaID>{9408529B-7F23-4896-BEEC-6B5F39FDA29E}</MetaID></Esri><idinfo><citation><citeinfo><onlink Sync="TRUE"></onlink></citeinfo></citation></idinfo><distInfo><distributor><distorTran><onLineSrc><linkage Sync="TRUE">file://</linkage><protocol Sync="TRUE">Local Area Network</protocol></onLineSrc></distorTran></distributor></distInfo><dataqual><lineage><procstep><procdesc Sync="TRUE">Dataset copied.</procdesc><srcused Sync="TRUE">C:\Documents and Settings\nathalied\Desktop\EEZ\Boundaries\boundaries2008</srcused><date Sync="TRUE">20081027</date><time Sync="TRUE">14580500</time></procstep><procstep><procdesc Sync="TRUE">Dataset copied.</procdesc><srcused Sync="TRUE"></srcused><date Sync="TRUE">20081104</date><time Sync="TRUE">15584900</time></procstep></lineage></dataqual></metadata>
